bus,id,model_name,model_category,connected_controlled_bus_candidates,source_line_start,source_line_end
2000,1,GENCLS,generator,,1,1
2,,SIPIF6,PPC,111;99;2001;9001;10;10010;10023;23;10005;5;10004;4;800;613;802;639;804;665;806;691;10089;89;808;717;8;15;6,3,59
10010,1,SGCVTF0131101,inverter,20;4;2;17;30;10;100;150;700;13;18;8;5;98;9,62,73
10010,1,SIAUX1,auxiliary,107;5;9;2;4;15,74,76
10011,1,SGCVTF0131101,inverter,20;4;2;17;30;10;100;150;700;13;18;8;5;98;9,78,89
10011,1,SIAUX1,auxiliary,107;5;9;2;4;15,90,92
10012,1,SGCVTF0131101,inverter,20;4;2;17;30;10;100;150;700;13;18;8;5;98;9,94,105
10012,1,SIAUX1,auxiliary,107;5;9;2;4;15,106,108
10013,1,SGCVTF0131101,inverter,20;4;2;17;30;10;100;150;700;13;18;8;5;98;9,110,121
10013,1,SIAUX1,auxiliary,107;5;9;2;4;15,122,124
10015,1,SGCVTF0131101,inverter,20;4;2;17;30;10;100;150;700;13;18;8;5;98;9,126,137
10015,1,SIAUX1,auxiliary,107;5;9;2;4;15,138,140
10016,1,SGCVTF0131101,inverter,20;4;2;17;30;10;100;150;700;13;18;8;5;98;9,142,153
10016,1,SIAUX1,auxiliary,107;5;9;2;4;15,154,156
10017,1,SGCVTF0131101,inverter,20;4;2;17;30;10;100;150;700;13;18;8;5;98;9,158,169
10017,1,SIAUX1,auxiliary,107;5;9;2;4;15,170,172
10018,1,SGCVTF0131101,inverter,20;4;2;17;30;10;100;150;700;13;18;8;5;98;9,174,185
10018,1,SIAUX1,auxiliary,107;5;9;2;4;15,186,188
10019,1,SGCVTF0131101,inverter,20;4;2;17;30;10;100;150;700;13;18;8;5;98;9,190,201
10019,1,SIAUX1,auxiliary,107;5;9;2;4;15,202,204
10020,1,SGCVTF0131101,inverter,20;4;2;17;30;10;100;150;700;13;18;8;5;98;9,206,217
10020,1,SIAUX1,auxiliary,107;5;9;2;4;15,218,220
10021,1,SGCVTF0131101,inverter,20;4;2;17;30;10;100;150;700;13;18;8;5;98;9,222,233
10021,1,SIAUX1,auxiliary,107;5;9;2;4;15,234,236
10022,1,SGCVTF0131101,inverter,20;4;2;17;30;10;100;150;700;13;18;8;5;98;9,238,249
10022,1,SIAUX1,auxiliary,107;5;9;2;4;15,250,252
10132,1,SGCVTF0131101,inverter,20;4;2;17;30;10;100;150;700;13;18;8;5;98;9,254,265
10132,1,SIAUX1,auxiliary,107;5;9;2;4;15,266,268
10133,1,SGCVTF0131101,inverter,20;4;2;17;30;10;100;150;700;13;18;8;5;98;9,270,281
10133,1,SIAUX1,auxiliary,107;5;9;2;4;15,282,284
10135,1,SGCVTF0131101,inverter,20;4;2;17;30;10;100;150;700;13;18;8;5;98;9,286,297
10135,1,SIAUX1,auxiliary,107;5;9;2;4;15,298,300
10136,1,SGCVTF0131101,inverter,20;4;2;17;30;10;100;150;700;13;18;8;5;98;9,302,313
10136,1,SIAUX1,auxiliary,107;5;9;2;4;15,314,316
10137,1,SGCVTF0131101,inverter,20;4;2;17;30;10;100;150;700;13;18;8;5;98;9,318,329
10137,1,SIAUX1,auxiliary,107;5;9;2;4;15,330,332
10138,1,SGCVTF0131101,inverter,20;4;2;17;30;10;100;150;700;13;18;8;5;98;9,334,345
10138,1,SIAUX1,auxiliary,107;5;9;2;4;15,346,348
10139,1,SGCVTF0131101,inverter,20;4;2;17;30;10;100;150;700;13;18;8;5;98;9,350,361
10139,1,SIAUX1,auxiliary,107;5;9;2;4;15,362,364
10140,1,SGCVTF0131101,inverter,20;4;2;17;30;10;100;150;700;13;18;8;5;98;9,366,377
10140,1,SIAUX1,auxiliary,107;5;9;2;4;15,378,380
10141,1,SGCVTF0131101,inverter,20;4;2;17;30;10;100;150;700;13;18;8;5;98;9,382,393
10141,1,SIAUX1,auxiliary,107;5;9;2;4;15,394,396
10142,1,SGCVTF0131101,inverter,20;4;2;17;30;10;100;150;700;13;18;8;5;98;9,398,409
10142,1,SIAUX1,auxiliary,107;5;9;2;4;15,410,412
10143,1,SGCVTF0131101,inverter,20;4;2;17;30;10;100;150;700;13;18;8;5;98;9,414,425
10143,1,SIAUX1,auxiliary,107;5;9;2;4;15,426,428
10147,1,SGCVTF0131101,inverter,20;4;2;17;30;10;100;150;700;13;18;8;5;98;9,430,441
10147,1,SIAUX1,auxiliary,107;5;9;2;4;15,442,444
10251,1,SGCVTF0131101,inverter,20;4;2;17;30;10;100;150;700;13;18;8;5;98;9,446,457
10251,1,SIAUX1,auxiliary,107;5;9;2;4;15,458,460
10252,1,SGCVTF0131101,inverter,20;4;2;17;30;10;100;150;700;13;18;8;5;98;9,462,473
10252,1,SIAUX1,auxiliary,107;5;9;2;4;15,474,476
10253,1,SGCVTF0131101,inverter,20;4;2;17;30;10;100;150;700;13;18;8;5;98;9,478,489
10253,1,SIAUX1,auxiliary,107;5;9;2;4;15,490,492
10255,1,SGCVTF0131101,inverter,20;4;2;17;30;10;100;150;700;13;18;8;5;98;9,494,505
10255,1,SIAUX1,auxiliary,107;5;9;2;4;15,506,508
10256,1,SGCVTF0131101,inverter,20;4;2;17;30;10;100;150;700;13;18;8;5;98;9,510,521
10256,1,SIAUX1,auxiliary,107;5;9;2;4;15,522,524
10257,1,SGCVTF0131101,inverter,20;4;2;17;30;10;100;150;700;13;18;8;5;98;9,526,537
10257,1,SIAUX1,auxiliary,107;5;9;2;4;15,538,540
10258,1,SGCVTF0131101,inverter,20;4;2;17;30;10;100;150;700;13;18;8;5;98;9,542,553
10258,1,SIAUX1,auxiliary,107;5;9;2;4;15,554,556
10259,1,SGCVTF0131101,inverter,20;4;2;17;30;10;100;150;700;13;18;8;5;98;9,558,569
10259,1,SIAUX1,auxiliary,107;5;9;2;4;15,570,572
10260,1,SGCVTF0131101,inverter,20;4;2;17;30;10;100;150;700;13;18;8;5;98;9,574,585
10260,1,SIAUX1,auxiliary,107;5;9;2;4;15,586,588
10261,1,SGCVTF0131101,inverter,20;4;2;17;30;10;100;150;700;13;18;8;5;98;9,590,601
10261,1,SIAUX1,auxiliary,107;5;9;2;4;15,602,604
10262,1,SGCVTF0131101,inverter,20;4;2;17;30;10;100;150;700;13;18;8;5;98;9,606,617
10262,1,SIAUX1,auxiliary,107;5;9;2;4;15,618,620
10264,1,SGCVTF0131101,inverter,20;4;2;17;30;10;100;150;700;13;18;8;5;98;9,622,633
10264,1,SIAUX1,auxiliary,107;5;9;2;4;15,634,636
10370,1,SGCVTF0131101,inverter,20;4;2;17;30;10;100;150;700;13;18;8;5;98;9,638,649
10370,1,SIAUX1,auxiliary,107;5;9;2;4;15,650,652
10371,1,SGCVTF0131101,inverter,20;4;2;17;30;10;100;150;700;13;18;8;5;98;9,654,665
10371,1,SIAUX1,auxiliary,107;5;9;2;4;15,666,668
10372,1,SGCVTF0131101,inverter,20;4;2;17;30;10;100;150;700;13;18;8;5;98;9,670,681
10372,1,SIAUX1,auxiliary,107;5;9;2;4;15,682,684
10373,1,SGCVTF0131101,inverter,20;4;2;17;30;10;100;150;700;13;18;8;5;98;9,686,697
10373,1,SIAUX1,auxiliary,107;5;9;2;4;15,698,700
10375,1,SGCVTF0131101,inverter,20;4;2;17;30;10;100;150;700;13;18;8;5;98;9,702,713
10375,1,SIAUX1,auxiliary,107;5;9;2;4;15,714,716
10376,1,SGCVTF0131101,inverter,20;4;2;17;30;10;100;150;700;13;18;8;5;98;9,718,729
10376,1,SIAUX1,auxiliary,107;5;9;2;4;15,730,732
10377,1,SGCVTF0131101,inverter,20;4;2;17;30;10;100;150;700;13;18;8;5;98;9,734,745
10377,1,SIAUX1,auxiliary,107;5;9;2;4;15,746,748
10378,1,SGCVTF0131101,inverter,20;4;2;17;30;10;100;150;700;13;18;8;5;98;9,750,761
10378,1,SIAUX1,auxiliary,107;5;9;2;4;15,762,764
10379,1,SGCVTF0131101,inverter,20;4;2;17;30;10;100;150;700;13;18;8;5;98;9,766,777
10379,1,SIAUX1,auxiliary,107;5;9;2;4;15,778,780
10381,1,SGCVTF0131101,inverter,20;4;2;17;30;10;100;150;700;13;18;8;5;98;9,782,793
10381,1,SIAUX1,auxiliary,107;5;9;2;4;15,794,796
10383,1,SGCVTF0131101,inverter,20;4;2;17;30;10;100;150;700;13;18;8;5;98;9,798,809
10383,1,SIAUX1,auxiliary,107;5;9;2;4;15,810,812
10384,1,SGCVTF0131101,inverter,20;4;2;17;30;10;100;150;700;13;18;8;5;98;9,814,825
10384,1,SIAUX1,auxiliary,107;5;9;2;4;15,826,828
10023,1,SGCVTF0131101,inverter,20;4;2;17;30;10;100;150;700;13;18;8;5;98;9,830,841
10023,1,SIAUX1,auxiliary,107;5;9;2;4;15,842,844
10024,1,SGCVTF0131101,inverter,20;4;2;17;30;10;100;150;700;13;18;8;5;98;9,846,857
10024,1,SIAUX1,auxiliary,107;5;9;2;4;15,858,860
10026,1,SGCVTF0131101,inverter,20;4;2;17;30;10;100;150;700;13;18;8;5;98;9,862,873
10026,1,SIAUX1,auxiliary,107;5;9;2;4;15,874,876
10027,1,SGCVTF0131101,inverter,20;4;2;17;30;10;100;150;700;13;18;8;5;98;9,878,889
10027,1,SIAUX1,auxiliary,107;5;9;2;4;15,890,892
10028,1,SGCVTF0131101,inverter,20;4;2;17;30;10;100;150;700;13;18;8;5;98;9,894,905
10028,1,SIAUX1,auxiliary,107;5;9;2;4;15,906,908
10029,1,SGCVTF0131101,inverter,20;4;2;17;30;10;100;150;700;13;18;8;5;98;9,910,921
10029,1,SIAUX1,auxiliary,107;5;9;2;4;15,922,924
10030,1,SGCVTF0131101,inverter,20;4;2;17;30;10;100;150;700;13;18;8;5;98;9,926,937
10030,1,SIAUX1,auxiliary,107;5;9;2;4;15,938,940
10104,1,SGCVTF0131101,inverter,20;4;2;17;30;10;100;150;700;13;18;8;5;98;9,942,953
10104,1,SIAUX1,auxiliary,107;5;9;2;4;15,954,956
10105,1,SGCVTF0131101,inverter,20;4;2;17;30;10;100;150;700;13;18;8;5;98;9,958,969
10105,1,SIAUX1,auxiliary,107;5;9;2;4;15,970,972
10108,1,SGCVTF0131101,inverter,20;4;2;17;30;10;100;150;700;13;18;8;5;98;9,974,985
10108,1,SIAUX1,auxiliary,107;5;9;2;4;15,986,988
10109,1,SGCVTF0131101,inverter,20;4;2;17;30;10;100;150;700;13;18;8;5;98;9,990,1001
10109,1,SIAUX1,auxiliary,107;5;9;2;4;15,1002,1004
10110,1,SGCVTF0131101,inverter,20;4;2;17;30;10;100;150;700;13;18;8;5;98;9,1006,1017
10110,1,SIAUX1,auxiliary,107;5;9;2;4;15,1018,1020
10144,1,SGCVTF0131101,inverter,20;4;2;17;30;10;100;150;700;13;18;8;5;98;9,1022,1033
10144,1,SIAUX1,auxiliary,107;5;9;2;4;15,1034,1036
10146,1,SGCVTF0131101,inverter,20;4;2;17;30;10;100;150;700;13;18;8;5;98;9,1038,1049
10146,1,SIAUX1,auxiliary,107;5;9;2;4;15,1050,1052
10148,1,SGCVTF0131101,inverter,20;4;2;17;30;10;100;150;700;13;18;8;5;98;9,1054,1065
10148,1,SIAUX1,auxiliary,107;5;9;2;4;15,1066,1068
10149,1,SGCVTF0131101,inverter,20;4;2;17;30;10;100;150;700;13;18;8;5;98;9,1070,1081
10149,1,SIAUX1,auxiliary,107;5;9;2;4;15,1082,1084
10150,1,SGCVTF0131101,inverter,20;4;2;17;30;10;100;150;700;13;18;8;5;98;9,1086,1097
10150,1,SIAUX1,auxiliary,107;5;9;2;4;15,1098,1100
10225,1,SGCVTF0131101,inverter,20;4;2;17;30;10;100;150;700;13;18;8;5;98;9,1102,1113
10225,1,SIAUX1,auxiliary,107;5;9;2;4;15,1114,1116
10226,1,SGCVTF0131101,inverter,20;4;2;17;30;10;100;150;700;13;18;8;5;98;9,1118,1129
10226,1,SIAUX1,auxiliary,107;5;9;2;4;15,1130,1132
10227,1,SGCVTF0131101,inverter,20;4;2;17;30;10;100;150;700;13;18;8;5;98;9,1134,1145
10227,1,SIAUX1,auxiliary,107;5;9;2;4;15,1146,1148
10229,1,SGCVTF0131101,inverter,20;4;2;17;30;10;100;150;700;13;18;8;5;98;9,1150,1161
10229,1,SIAUX1,auxiliary,107;5;9;2;4;15,1162,1164
10233,1,SGCVTF0131101,inverter,20;4;2;17;30;10;100;150;700;13;18;8;5;98;9,1166,1177
10233,1,SIAUX1,auxiliary,107;5;9;2;4;15,1178,1180
10234,1,SGCVTF0131101,inverter,20;4;2;17;30;10;100;150;700;13;18;8;5;98;9,1182,1193
10234,1,SIAUX1,auxiliary,107;5;9;2;4;15,1194,1196
10235,1,SGCVTF0131101,inverter,20;4;2;17;30;10;100;150;700;13;18;8;5;98;9,1198,1209
10235,1,SIAUX1,auxiliary,107;5;9;2;4;15,1210,1212
10263,1,SGCVTF0131101,inverter,20;4;2;17;30;10;100;150;700;13;18;8;5;98;9,1214,1225
10263,1,SIAUX1,auxiliary,107;5;9;2;4;15,1226,1228
10266,1,SGCVTF0131101,inverter,20;4;2;17;30;10;100;150;700;13;18;8;5;98;9,1230,1241
10266,1,SIAUX1,auxiliary,107;5;9;2;4;15,1242,1244
10267,1,SGCVTF0131101,inverter,20;4;2;17;30;10;100;150;700;13;18;8;5;98;9,1246,1257
10267,1,SIAUX1,auxiliary,107;5;9;2;4;15,1258,1260
10268,1,SGCVTF0131101,inverter,20;4;2;17;30;10;100;150;700;13;18;8;5;98;9,1262,1273
10268,1,SIAUX1,auxiliary,107;5;9;2;4;15,1274,1276
10269,1,SGCVTF0131101,inverter,20;4;2;17;30;10;100;150;700;13;18;8;5;98;9,1278,1289
10269,1,SIAUX1,auxiliary,107;5;9;2;4;15,1290,1292
10270,1,SGCVTF0131101,inverter,20;4;2;17;30;10;100;150;700;13;18;8;5;98;9,1294,1305
10270,1,SIAUX1,auxiliary,107;5;9;2;4;15,1306,1308
10344,1,SGCVTF0131101,inverter,20;4;2;17;30;10;100;150;700;13;18;8;5;98;9,1310,1321
10344,1,SIAUX1,auxiliary,107;5;9;2;4;15,1322,1324
10345,1,SGCVTF0131101,inverter,20;4;2;17;30;10;100;150;700;13;18;8;5;98;9,1326,1337
10345,1,SIAUX1,auxiliary,107;5;9;2;4;15,1338,1340
10346,1,SGCVTF0131101,inverter,20;4;2;17;30;10;100;150;700;13;18;8;5;98;9,1342,1353
10346,1,SIAUX1,auxiliary,107;5;9;2;4;15,1354,1356
10347,1,SGCVTF0131101,inverter,20;4;2;17;30;10;100;150;700;13;18;8;5;98;9,1358,1369
10347,1,SIAUX1,auxiliary,107;5;9;2;4;15,1370,1372
10348,1,SGCVTF0131101,inverter,20;4;2;17;30;10;100;150;700;13;18;8;5;98;9,1374,1385
10348,1,SIAUX1,auxiliary,107;5;9;2;4;15,1386,1388
10353,1,SGCVTF0131101,inverter,20;4;2;17;30;10;100;150;700;13;18;8;5;98;9,1390,1401
10353,1,SIAUX1,auxiliary,107;5;9;2;4;15,1402,1404
10380,1,SGCVTF0131101,inverter,20;4;2;17;30;10;100;150;700;13;18;8;5;98;9,1406,1417
10380,1,SIAUX1,auxiliary,107;5;9;2;4;15,1418,1420
10382,1,SGCVTF0131101,inverter,20;4;2;17;30;10;100;150;700;13;18;8;5;98;9,1422,1433
10382,1,SIAUX1,auxiliary,107;5;9;2;4;15,1434,1436
10386,1,SGCVTF0131101,inverter,20;4;2;17;30;10;100;150;700;13;18;8;5;98;9,1438,1449
10386,1,SIAUX1,auxiliary,107;5;9;2;4;15,1450,1452
10387,1,SGCVTF0131101,inverter,20;4;2;17;30;10;100;150;700;13;18;8;5;98;9,1454,1465
10387,1,SIAUX1,auxiliary,107;5;9;2;4;15,1466,1468
10388,1,SGCVTF0131101,inverter,20;4;2;17;30;10;100;150;700;13;18;8;5;98;9,1470,1481
10388,1,SIAUX1,auxiliary,107;5;9;2;4;15,1482,1484
10389,1,SGCVTF0131101,inverter,20;4;2;17;30;10;100;150;700;13;18;8;5;98;9,1486,1497
10389,1,SIAUX1,auxiliary,107;5;9;2;4;15,1498,1500
10390,1,SGCVTF0131101,inverter,20;4;2;17;30;10;100;150;700;13;18;8;5;98;9,1502,1513
10390,1,SIAUX1,auxiliary,107;5;9;2;4;15,1514,1516
10463,1,SGCVTF0131101,inverter,20;4;2;17;30;10;100;150;700;13;18;8;5;98;9,1518,1529
10463,1,SIAUX1,auxiliary,107;5;9;2;4;15,1530,1532
10465,1,SGCVTF0131101,inverter,20;4;2;17;30;10;100;150;700;13;18;8;5;98;9,1534,1545
10465,1,SIAUX1,auxiliary,107;5;9;2;4;15,1546,1548
10466,1,SGCVTF0131101,inverter,20;4;2;17;30;10;100;150;700;13;18;8;5;98;9,1550,1561
10466,1,SIAUX1,auxiliary,107;5;9;2;4;15,1562,1564
10467,1,SGCVTF0131101,inverter,20;4;2;17;30;10;100;150;700;13;18;8;5;98;9,1566,1577
10467,1,SIAUX1,auxiliary,107;5;9;2;4;15,1578,1580
10468,1,SGCVTF0131101,inverter,20;4;2;17;30;10;100;150;700;13;18;8;5;98;9,1582,1593
10468,1,SIAUX1,auxiliary,107;5;9;2;4;15,1594,1596
10005,1,SGCVTF0131101,inverter,20;4;2;17;30;10;100;150;700;13;18;8;5;98;9,1598,1609
10005,1,SIAUX1,auxiliary,107;5;9;2;4;15,1610,1612
10103,1,SGCVTF0131101,inverter,20;4;2;17;30;10;100;150;700;13;18;8;5;98;9,1614,1625
10103,1,SIAUX1,auxiliary,107;5;9;2;4;15,1626,1628
10106,1,SGCVTF0131101,inverter,20;4;2;17;30;10;100;150;700;13;18;8;5;98;9,1630,1641
10106,1,SIAUX1,auxiliary,107;5;9;2;4;15,1642,1644
10107,1,SGCVTF0131101,inverter,20;4;2;17;30;10;100;150;700;13;18;8;5;98;9,1646,1657
10107,1,SIAUX1,auxiliary,107;5;9;2;4;15,1658,1660
10111,1,SGCVTF0131101,inverter,20;4;2;17;30;10;100;150;700;13;18;8;5;98;9,1662,1673
10111,1,SIAUX1,auxiliary,107;5;9;2;4;15,1674,1676
10113,1,SGCVTF0131101,inverter,20;4;2;17;30;10;100;150;700;13;18;8;5;98;9,1678,1689
10113,1,SIAUX1,auxiliary,107;5;9;2;4;15,1690,1692
10114,1,SGCVTF0131101,inverter,20;4;2;17;30;10;100;150;700;13;18;8;5;98;9,1694,1705
10114,1,SIAUX1,auxiliary,107;5;9;2;4;15,1706,1708
10115,1,SGCVTF0131101,inverter,20;4;2;17;30;10;100;150;700;13;18;8;5;98;9,1710,1721
10115,1,SIAUX1,auxiliary,107;5;9;2;4;15,1722,1724
10116,1,SGCVTF0131101,inverter,20;4;2;17;30;10;100;150;700;13;18;8;5;98;9,1726,1737
10116,1,SIAUX1,auxiliary,107;5;9;2;4;15,1738,1740
10117,1,SGCVTF0131101,inverter,20;4;2;17;30;10;100;150;700;13;18;8;5;98;9,1742,1753
10117,1,SIAUX1,auxiliary,107;5;9;2;4;15,1754,1756
10118,1,SGCVTF0131101,inverter,20;4;2;17;30;10;100;150;700;13;18;8;5;98;9,1758,1769
10118,1,SIAUX1,auxiliary,107;5;9;2;4;15,1770,1772
10122,1,SGCVTF0131101,inverter,20;4;2;17;30;10;100;150;700;13;18;8;5;98;9,1774,1785
10122,1,SIAUX1,auxiliary,107;5;9;2;4;15,1786,1788
10124,1,SGCVTF0131101,inverter,20;4;2;17;30;10;100;150;700;13;18;8;5;98;9,1790,1801
10124,1,SIAUX1,auxiliary,107;5;9;2;4;15,1802,1804
10125,1,SGCVTF0131101,inverter,20;4;2;17;30;10;100;150;700;13;18;8;5;98;9,1806,1817
10125,1,SIAUX1,auxiliary,107;5;9;2;4;15,1818,1820
10131,1,SGCVTF0131101,inverter,20;4;2;17;30;10;100;150;700;13;18;8;5;98;9,1822,1833
10131,1,SIAUX1,auxiliary,107;5;9;2;4;15,1834,1836
10228,1,SGCVTF0131101,inverter,20;4;2;17;30;10;100;150;700;13;18;8;5;98;9,1838,1849
10228,1,SIAUX1,auxiliary,107;5;9;2;4;15,1850,1852
10230,1,SGCVTF0131101,inverter,20;4;2;17;30;10;100;150;700;13;18;8;5;98;9,1854,1865
10230,1,SIAUX1,auxiliary,107;5;9;2;4;15,1866,1868
10231,1,SGCVTF0131101,inverter,20;4;2;17;30;10;100;150;700;13;18;8;5;98;9,1870,1881
10231,1,SIAUX1,auxiliary,107;5;9;2;4;15,1882,1884
10236,1,SGCVTF0131101,inverter,20;4;2;17;30;10;100;150;700;13;18;8;5;98;9,1886,1897
10236,1,SIAUX1,auxiliary,107;5;9;2;4;15,1898,1900
10237,1,SGCVTF0131101,inverter,20;4;2;17;30;10;100;150;700;13;18;8;5;98;9,1902,1913
10237,1,SIAUX1,auxiliary,107;5;9;2;4;15,1914,1916
10238,1,SGCVTF0131101,inverter,20;4;2;17;30;10;100;150;700;13;18;8;5;98;9,1918,1929
10238,1,SIAUX1,auxiliary,107;5;9;2;4;15,1930,1932
10239,1,SGCVTF0131101,inverter,20;4;2;17;30;10;100;150;700;13;18;8;5;98;9,1934,1945
10239,1,SIAUX1,auxiliary,107;5;9;2;4;15,1946,1948
10240,1,SGCVTF0131101,inverter,20;4;2;17;30;10;100;150;700;13;18;8;5;98;9,1950,1961
10240,1,SIAUX1,auxiliary,107;5;9;2;4;15,1962,1964
10241,1,SGCVTF0131101,inverter,20;4;2;17;30;10;100;150;700;13;18;8;5;98;9,1966,1977
10241,1,SIAUX1,auxiliary,107;5;9;2;4;15,1978,1980
10249,1,SGCVTF0131101,inverter,20;4;2;17;30;10;100;150;700;13;18;8;5;98;9,1982,1993
10249,1,SIAUX1,auxiliary,107;5;9;2;4;15,1994,1996
10349,1,SGCVTF0131101,inverter,20;4;2;17;30;10;100;150;700;13;18;8;5;98;9,1998,2009
10349,1,SIAUX1,auxiliary,107;5;9;2;4;15,2010,2012
10350,1,SGCVTF0131101,inverter,20;4;2;17;30;10;100;150;700;13;18;8;5;98;9,2014,2025
10350,1,SIAUX1,auxiliary,107;5;9;2;4;15,2026,2028
10351,1,SGCVTF0131101,inverter,20;4;2;17;30;10;100;150;700;13;18;8;5;98;9,2030,2041
10351,1,SIAUX1,auxiliary,107;5;9;2;4;15,2042,2044
10354,1,SGCVTF0131101,inverter,20;4;2;17;30;10;100;150;700;13;18;8;5;98;9,2046,2057
10354,1,SIAUX1,auxiliary,107;5;9;2;4;15,2058,2060
10355,1,SGCVTF0131101,inverter,20;4;2;17;30;10;100;150;700;13;18;8;5;98;9,2062,2073
10355,1,SIAUX1,auxiliary,107;5;9;2;4;15,2074,2076
10356,1,SGCVTF0131101,inverter,20;4;2;17;30;10;100;150;700;13;18;8;5;98;9,2078,2089
10356,1,SIAUX1,auxiliary,107;5;9;2;4;15,2090,2092
10357,1,SGCVTF0131101,inverter,20;4;2;17;30;10;100;150;700;13;18;8;5;98;9,2094,2105
10357,1,SIAUX1,auxiliary,107;5;9;2;4;15,2106,2108
10358,1,SGCVTF0131101,inverter,20;4;2;17;30;10;100;150;700;13;18;8;5;98;9,2110,2121
10358,1,SIAUX1,auxiliary,107;5;9;2;4;15,2122,2124
10359,1,SGCVTF0131101,inverter,20;4;2;17;30;10;100;150;700;13;18;8;5;98;9,2126,2137
10359,1,SIAUX1,auxiliary,107;5;9;2;4;15,2138,2140
10360,1,SGCVTF0131101,inverter,20;4;2;17;30;10;100;150;700;13;18;8;5;98;9,2142,2153
10360,1,SIAUX1,auxiliary,107;5;9;2;4;15,2154,2156
10361,1,SGCVTF0131101,inverter,20;4;2;17;30;10;100;150;700;13;18;8;5;98;9,2158,2169
10361,1,SIAUX1,auxiliary,107;5;9;2;4;15,2170,2172
10367,1,SGCVTF0131101,inverter,20;4;2;17;30;10;100;150;700;13;18;8;5;98;9,2174,2185
10367,1,SIAUX1,auxiliary,107;5;9;2;4;15,2186,2188
10464,1,SGCVTF0131101,inverter,20;4;2;17;30;10;100;150;700;13;18;8;5;98;9,2190,2201
10464,1,SIAUX1,auxiliary,107;5;9;2;4;15,2202,2204
10469,1,SGCVTF0131101,inverter,20;4;2;17;30;10;100;150;700;13;18;8;5;98;9,2206,2217
10469,1,SIAUX1,auxiliary,107;5;9;2;4;15,2218,2220
10470,1,SGCVTF0131101,inverter,20;4;2;17;30;10;100;150;700;13;18;8;5;98;9,2222,2233
10470,1,SIAUX1,auxiliary,107;5;9;2;4;15,2234,2236
10471,1,SGCVTF0131101,inverter,20;4;2;17;30;10;100;150;700;13;18;8;5;98;9,2238,2249
10471,1,SIAUX1,auxiliary,107;5;9;2;4;15,2250,2252
10473,1,SGCVTF0131101,inverter,20;4;2;17;30;10;100;150;700;13;18;8;5;98;9,2254,2265
10473,1,SIAUX1,auxiliary,107;5;9;2;4;15,2266,2268
10474,1,SGCVTF0131101,inverter,20;4;2;17;30;10;100;150;700;13;18;8;5;98;9,2270,2281
10474,1,SIAUX1,auxiliary,107;5;9;2;4;15,2282,2284
10475,1,SGCVTF0131101,inverter,20;4;2;17;30;10;100;150;700;13;18;8;5;98;9,2286,2297
10475,1,SIAUX1,auxiliary,107;5;9;2;4;15,2298,2300
10476,1,SGCVTF0131101,inverter,20;4;2;17;30;10;100;150;700;13;18;8;5;98;9,2302,2313
10476,1,SIAUX1,auxiliary,107;5;9;2;4;15,2314,2316
10477,1,SGCVTF0131101,inverter,20;4;2;17;30;10;100;150;700;13;18;8;5;98;9,2318,2329
10477,1,SIAUX1,auxiliary,107;5;9;2;4;15,2330,2332
10478,1,SGCVTF0131101,inverter,20;4;2;17;30;10;100;150;700;13;18;8;5;98;9,2334,2345
10478,1,SIAUX1,auxiliary,107;5;9;2;4;15,2346,2348
10481,1,SGCVTF0131101,inverter,20;4;2;17;30;10;100;150;700;13;18;8;5;98;9,2350,2361
10481,1,SIAUX1,auxiliary,107;5;9;2;4;15,2362,2364
10004,1,SGCVTF0131101,inverter,20;4;2;17;30;10;100;150;700;13;18;8;5;98;9,2366,2377
10004,1,SIAUX1,auxiliary,107;5;9;2;4;15,2378,2380
10006,1,SGCVTF0131101,inverter,20;4;2;17;30;10;100;150;700;13;18;8;5;98;9,2382,2393
10006,1,SIAUX1,auxiliary,107;5;9;2;4;15,2394,2396
10007,1,SGCVTF0131101,inverter,20;4;2;17;30;10;100;150;700;13;18;8;5;98;9,2398,2409
10007,1,SIAUX1,auxiliary,107;5;9;2;4;15,2410,2412
10008,1,SGCVTF0131101,inverter,20;4;2;17;30;10;100;150;700;13;18;8;5;98;9,2414,2425
10008,1,SIAUX1,auxiliary,107;5;9;2;4;15,2426,2428
10009,1,SGCVTF0131101,inverter,20;4;2;17;30;10;100;150;700;13;18;8;5;98;9,2430,2441
10009,1,SIAUX1,auxiliary,107;5;9;2;4;15,2442,2444
10085,1,SGCVTF0131101,inverter,20;4;2;17;30;10;100;150;700;13;18;8;5;98;9,2446,2457
10085,1,SIAUX1,auxiliary,107;5;9;2;4;15,2458,2460
10086,1,SGCVTF0131101,inverter,20;4;2;17;30;10;100;150;700;13;18;8;5;98;9,2462,2473
10086,1,SIAUX1,auxiliary,107;5;9;2;4;15,2474,2476
10087,1,SGCVTF0131101,inverter,20;4;2;17;30;10;100;150;700;13;18;8;5;98;9,2478,2489
10087,1,SIAUX1,auxiliary,107;5;9;2;4;15,2490,2492
10088,1,SGCVTF0131101,inverter,20;4;2;17;30;10;100;150;700;13;18;8;5;98;9,2494,2505
10088,1,SIAUX1,auxiliary,107;5;9;2;4;15,2506,2508
10119,1,SGCVTF0131101,inverter,20;4;2;17;30;10;100;150;700;13;18;8;5;98;9,2510,2521
10119,1,SIAUX1,auxiliary,107;5;9;2;4;15,2522,2524
10120,1,SGCVTF0131101,inverter,20;4;2;17;30;10;100;150;700;13;18;8;5;98;9,2526,2537
10120,1,SIAUX1,auxiliary,107;5;9;2;4;15,2538,2540
10121,1,SGCVTF0131101,inverter,20;4;2;17;30;10;100;150;700;13;18;8;5;98;9,2542,2553
10121,1,SIAUX1,auxiliary,107;5;9;2;4;15,2554,2556
10126,1,SGCVTF0131101,inverter,20;4;2;17;30;10;100;150;700;13;18;8;5;98;9,2558,2569
10126,1,SIAUX1,auxiliary,107;5;9;2;4;15,2570,2572
10127,1,SGCVTF0131101,inverter,20;4;2;17;30;10;100;150;700;13;18;8;5;98;9,2574,2585
10127,1,SIAUX1,auxiliary,107;5;9;2;4;15,2586,2588
10128,1,SGCVTF0131101,inverter,20;4;2;17;30;10;100;150;700;13;18;8;5;98;9,2590,2601
10128,1,SIAUX1,auxiliary,107;5;9;2;4;15,2602,2604
10129,1,SGCVTF0131101,inverter,20;4;2;17;30;10;100;150;700;13;18;8;5;98;9,2606,2617
10129,1,SIAUX1,auxiliary,107;5;9;2;4;15,2618,2620
10130,1,SGCVTF0131101,inverter,20;4;2;17;30;10;100;150;700;13;18;8;5;98;9,2622,2633
10130,1,SIAUX1,auxiliary,107;5;9;2;4;15,2634,2636
10205,1,SGCVTF0131101,inverter,20;4;2;17;30;10;100;150;700;13;18;8;5;98;9,2638,2649
10205,1,SIAUX1,auxiliary,107;5;9;2;4;15,2650,2652
10206,1,SGCVTF0131101,inverter,20;4;2;17;30;10;100;150;700;13;18;8;5;98;9,2654,2665
10206,1,SIAUX1,auxiliary,107;5;9;2;4;15,2666,2668
10207,1,SGCVTF0131101,inverter,20;4;2;17;30;10;100;150;700;13;18;8;5;98;9,2670,2681
10207,1,SIAUX1,auxiliary,107;5;9;2;4;15,2682,2684
10208,1,SGCVTF0131101,inverter,20;4;2;17;30;10;100;150;700;13;18;8;5;98;9,2686,2697
10208,1,SIAUX1,auxiliary,107;5;9;2;4;15,2698,2700
10211,1,SGCVTF0131101,inverter,20;4;2;17;30;10;100;150;700;13;18;8;5;98;9,2702,2713
10211,1,SIAUX1,auxiliary,107;5;9;2;4;15,2714,2716
10212,1,SGCVTF0131101,inverter,20;4;2;17;30;10;100;150;700;13;18;8;5;98;9,2718,2729
10212,1,SIAUX1,auxiliary,107;5;9;2;4;15,2730,2732
10242,1,SGCVTF0131101,inverter,20;4;2;17;30;10;100;150;700;13;18;8;5;98;9,2734,2745
10242,1,SIAUX1,auxiliary,107;5;9;2;4;15,2746,2748
10244,1,SGCVTF0131101,inverter,20;4;2;17;30;10;100;150;700;13;18;8;5;98;9,2750,2761
10244,1,SIAUX1,auxiliary,107;5;9;2;4;15,2762,2764
10245,1,SGCVTF0131101,inverter,20;4;2;17;30;10;100;150;700;13;18;8;5;98;9,2766,2777
10245,1,SIAUX1,auxiliary,107;5;9;2;4;15,2778,2780
10246,1,SGCVTF0131101,inverter,20;4;2;17;30;10;100;150;700;13;18;8;5;98;9,2782,2793
10246,1,SIAUX1,auxiliary,107;5;9;2;4;15,2794,2796
10247,1,SGCVTF0131101,inverter,20;4;2;17;30;10;100;150;700;13;18;8;5;98;9,2798,2809
10247,1,SIAUX1,auxiliary,107;5;9;2;4;15,2810,2812
10248,1,SGCVTF0131101,inverter,20;4;2;17;30;10;100;150;700;13;18;8;5;98;9,2814,2825
10248,1,SIAUX1,auxiliary,107;5;9;2;4;15,2826,2828
10250,1,SGCVTF0131101,inverter,20;4;2;17;30;10;100;150;700;13;18;8;5;98;9,2830,2841
10250,1,SIAUX1,auxiliary,107;5;9;2;4;15,2842,2844
10325,1,SGCVTF0131101,inverter,20;4;2;17;30;10;100;150;700;13;18;8;5;98;9,2846,2857
10325,1,SIAUX1,auxiliary,107;5;9;2;4;15,2858,2860
10326,1,SGCVTF0131101,inverter,20;4;2;17;30;10;100;150;700;13;18;8;5;98;9,2862,2873
10326,1,SIAUX1,auxiliary,107;5;9;2;4;15,2874,2876
10327,1,SGCVTF0131101,inverter,20;4;2;17;30;10;100;150;700;13;18;8;5;98;9,2878,2889
10327,1,SIAUX1,auxiliary,107;5;9;2;4;15,2890,2892
10328,1,SGCVTF0131101,inverter,20;4;2;17;30;10;100;150;700;13;18;8;5;98;9,2894,2905
10328,1,SIAUX1,auxiliary,107;5;9;2;4;15,2906,2908
10329,1,SGCVTF0131101,inverter,20;4;2;17;30;10;100;150;700;13;18;8;5;98;9,2910,2921
10329,1,SIAUX1,auxiliary,107;5;9;2;4;15,2922,2924
10362,1,SGCVTF0131101,inverter,20;4;2;17;30;10;100;150;700;13;18;8;5;98;9,2926,2937
10362,1,SIAUX1,auxiliary,107;5;9;2;4;15,2938,2940
10364,1,SGCVTF0131101,inverter,20;4;2;17;30;10;100;150;700;13;18;8;5;98;9,2942,2953
10364,1,SIAUX1,auxiliary,107;5;9;2;4;15,2954,2956
10365,1,SGCVTF0131101,inverter,20;4;2;17;30;10;100;150;700;13;18;8;5;98;9,2958,2969
10365,1,SIAUX1,auxiliary,107;5;9;2;4;15,2970,2972
10366,1,SGCVTF0131101,inverter,20;4;2;17;30;10;100;150;700;13;18;8;5;98;9,2974,2985
10366,1,SIAUX1,auxiliary,107;5;9;2;4;15,2986,2988
10368,1,SGCVTF0131101,inverter,20;4;2;17;30;10;100;150;700;13;18;8;5;98;9,2990,3001
10368,1,SIAUX1,auxiliary,107;5;9;2;4;15,3002,3004
10369,1,SGCVTF0131101,inverter,20;4;2;17;30;10;100;150;700;13;18;8;5;98;9,3006,3017
10369,1,SIAUX1,auxiliary,107;5;9;2;4;15,3018,3020
10445,1,SGCVTF0131101,inverter,20;4;2;17;30;10;100;150;700;13;18;8;5;98;9,3022,3033
10445,1,SIAUX1,auxiliary,107;5;9;2;4;15,3034,3036
10446,1,SGCVTF0131101,inverter,20;4;2;17;30;10;100;150;700;13;18;8;5;98;9,3038,3049
10446,1,SIAUX1,auxiliary,107;5;9;2;4;15,3050,3052
10447,1,SGCVTF0131101,inverter,20;4;2;17;30;10;100;150;700;13;18;8;5;98;9,3054,3065
10447,1,SIAUX1,auxiliary,107;5;9;2;4;15,3066,3068
10448,1,SGCVTF0131101,inverter,20;4;2;17;30;10;100;150;700;13;18;8;5;98;9,3070,3081
10448,1,SIAUX1,auxiliary,107;5;9;2;4;15,3082,3084
10479,1,SGCVTF0131101,inverter,20;4;2;17;30;10;100;150;700;13;18;8;5;98;9,3086,3097
10479,1,SIAUX1,auxiliary,107;5;9;2;4;15,3098,3100
10480,1,SGCVTF0131101,inverter,20;4;2;17;30;10;100;150;700;13;18;8;5;98;9,3102,3113
10480,1,SIAUX1,auxiliary,107;5;9;2;4;15,3114,3116
10482,1,SGCVTF0131101,inverter,20;4;2;17;30;10;100;150;700;13;18;8;5;98;9,3118,3129
10482,1,SIAUX1,auxiliary,107;5;9;2;4;15,3130,3132
10089,1,SGCVTF0131101,inverter,20;4;2;17;30;10;100;150;700;13;18;8;5;98;9,3134,3145
10089,1,SIAUX1,auxiliary,107;5;9;2;4;15,3146,3148
10091,1,SGCVTF0131101,inverter,20;4;2;17;30;10;100;150;700;13;18;8;5;98;9,3150,3161
10091,1,SIAUX1,auxiliary,107;5;9;2;4;15,3162,3164
10092,1,SGCVTF0131101,inverter,20;4;2;17;30;10;100;150;700;13;18;8;5;98;9,3166,3177
10092,1,SIAUX1,auxiliary,107;5;9;2;4;15,3178,3180
10093,1,SGCVTF0131101,inverter,20;4;2;17;30;10;100;150;700;13;18;8;5;98;9,3182,3193
10093,1,SIAUX1,auxiliary,107;5;9;2;4;15,3194,3196
10094,1,SGCVTF0131101,inverter,20;4;2;17;30;10;100;150;700;13;18;8;5;98;9,3198,3209
10094,1,SIAUX1,auxiliary,107;5;9;2;4;15,3210,3212
10095,1,SGCVTF0131101,inverter,20;4;2;17;30;10;100;150;700;13;18;8;5;98;9,3214,3225
10095,1,SIAUX1,auxiliary,107;5;9;2;4;15,3226,3228
10096,1,SGCVTF0131101,inverter,20;4;2;17;30;10;100;150;700;13;18;8;5;98;9,3230,3241
10096,1,SIAUX1,auxiliary,107;5;9;2;4;15,3242,3244
10097,1,SGCVTF0131101,inverter,20;4;2;17;30;10;100;150;700;13;18;8;5;98;9,3246,3257
10097,1,SIAUX1,auxiliary,107;5;9;2;4;15,3258,3260
10098,1,SGCVTF0131101,inverter,20;4;2;17;30;10;100;150;700;13;18;8;5;98;9,3262,3273
10098,1,SIAUX1,auxiliary,107;5;9;2;4;15,3274,3276
10099,1,SGCVTF0131101,inverter,20;4;2;17;30;10;100;150;700;13;18;8;5;98;9,3278,3289
10099,1,SIAUX1,auxiliary,107;5;9;2;4;15,3290,3292
10100,1,SGCVTF0131101,inverter,20;4;2;17;30;10;100;150;700;13;18;8;5;98;9,3294,3305
10100,1,SIAUX1,auxiliary,107;5;9;2;4;15,3306,3308
10102,1,SGCVTF0131101,inverter,20;4;2;17;30;10;100;150;700;13;18;8;5;98;9,3310,3321
10102,1,SIAUX1,auxiliary,107;5;9;2;4;15,3322,3324
10209,1,SGCVTF0131101,inverter,20;4;2;17;30;10;100;150;700;13;18;8;5;98;9,3326,3337
10209,1,SIAUX1,auxiliary,107;5;9;2;4;15,3338,3340
10213,1,SGCVTF0131101,inverter,20;4;2;17;30;10;100;150;700;13;18;8;5;98;9,3342,3353
10213,1,SIAUX1,auxiliary,107;5;9;2;4;15,3354,3356
10214,1,SGCVTF0131101,inverter,20;4;2;17;30;10;100;150;700;13;18;8;5;98;9,3358,3369
10214,1,SIAUX1,auxiliary,107;5;9;2;4;15,3370,3372
10215,1,SGCVTF0131101,inverter,20;4;2;17;30;10;100;150;700;13;18;8;5;98;9,3374,3385
10215,1,SIAUX1,auxiliary,107;5;9;2;4;15,3386,3388
10216,1,SGCVTF0131101,inverter,20;4;2;17;30;10;100;150;700;13;18;8;5;98;9,3390,3401
10216,1,SIAUX1,auxiliary,107;5;9;2;4;15,3402,3404
10217,1,SGCVTF0131101,inverter,20;4;2;17;30;10;100;150;700;13;18;8;5;98;9,3406,3417
10217,1,SIAUX1,auxiliary,107;5;9;2;4;15,3418,3420
10218,1,SGCVTF0131101,inverter,20;4;2;17;30;10;100;150;700;13;18;8;5;98;9,3422,3433
10218,1,SIAUX1,auxiliary,107;5;9;2;4;15,3434,3436
10219,1,SGCVTF0131101,inverter,20;4;2;17;30;10;100;150;700;13;18;8;5;98;9,3438,3449
10219,1,SIAUX1,auxiliary,107;5;9;2;4;15,3450,3452
10220,1,SGCVTF0131101,inverter,20;4;2;17;30;10;100;150;700;13;18;8;5;98;9,3454,3465
10220,1,SIAUX1,auxiliary,107;5;9;2;4;15,3466,3468
10222,1,SGCVTF0131101,inverter,20;4;2;17;30;10;100;150;700;13;18;8;5;98;9,3470,3481
10222,1,SIAUX1,auxiliary,107;5;9;2;4;15,3482,3484
10223,1,SGCVTF0131101,inverter,20;4;2;17;30;10;100;150;700;13;18;8;5;98;9,3486,3497
10223,1,SIAUX1,auxiliary,107;5;9;2;4;15,3498,3500
10224,1,SGCVTF0131101,inverter,20;4;2;17;30;10;100;150;700;13;18;8;5;98;9,3502,3513
10224,1,SIAUX1,auxiliary,107;5;9;2;4;15,3514,3516
10331,1,SGCVTF0131101,inverter,20;4;2;17;30;10;100;150;700;13;18;8;5;98;9,3518,3529
10331,1,SIAUX1,auxiliary,107;5;9;2;4;15,3530,3532
10332,1,SGCVTF0131101,inverter,20;4;2;17;30;10;100;150;700;13;18;8;5;98;9,3534,3545
10332,1,SIAUX1,auxiliary,107;5;9;2;4;15,3546,3548
10333,1,SGCVTF0131101,inverter,20;4;2;17;30;10;100;150;700;13;18;8;5;98;9,3550,3561
10333,1,SIAUX1,auxiliary,107;5;9;2;4;15,3562,3564
10334,1,SGCVTF0131101,inverter,20;4;2;17;30;10;100;150;700;13;18;8;5;98;9,3566,3577
10334,1,SIAUX1,auxiliary,107;5;9;2;4;15,3578,3580
10335,1,SGCVTF0131101,inverter,20;4;2;17;30;10;100;150;700;13;18;8;5;98;9,3582,3593
10335,1,SIAUX1,auxiliary,107;5;9;2;4;15,3594,3596
10336,1,SGCVTF0131101,inverter,20;4;2;17;30;10;100;150;700;13;18;8;5;98;9,3598,3609
10336,1,SIAUX1,auxiliary,107;5;9;2;4;15,3610,3612
10337,1,SGCVTF0131101,inverter,20;4;2;17;30;10;100;150;700;13;18;8;5;98;9,3614,3625
10337,1,SIAUX1,auxiliary,107;5;9;2;4;15,3626,3628
10338,1,SGCVTF0131101,inverter,20;4;2;17;30;10;100;150;700;13;18;8;5;98;9,3630,3641
10338,1,SIAUX1,auxiliary,107;5;9;2;4;15,3642,3644
10339,1,SGCVTF0131101,inverter,20;4;2;17;30;10;100;150;700;13;18;8;5;98;9,3646,3657
10339,1,SIAUX1,auxiliary,107;5;9;2;4;15,3658,3660
10340,1,SGCVTF0131101,inverter,20;4;2;17;30;10;100;150;700;13;18;8;5;98;9,3662,3673
10340,1,SIAUX1,auxiliary,107;5;9;2;4;15,3674,3676
10342,1,SGCVTF0131101,inverter,20;4;2;17;30;10;100;150;700;13;18;8;5;98;9,3678,3689
10342,1,SIAUX1,auxiliary,107;5;9;2;4;15,3690,3692
10343,1,SGCVTF0131101,inverter,20;4;2;17;30;10;100;150;700;13;18;8;5;98;9,3694,3705
10343,1,SIAUX1,auxiliary,107;5;9;2;4;15,3706,3708
10449,1,SGCVTF0131101,inverter,20;4;2;17;30;10;100;150;700;13;18;8;5;98;9,3710,3721
10449,1,SIAUX1,auxiliary,107;5;9;2;4;15,3722,3724
10451,1,SGCVTF0131101,inverter,20;4;2;17;30;10;100;150;700;13;18;8;5;98;9,3726,3737
10451,1,SIAUX1,auxiliary,107;5;9;2;4;15,3738,3740
10452,1,SGCVTF0131101,inverter,20;4;2;17;30;10;100;150;700;13;18;8;5;98;9,3742,3753
10452,1,SIAUX1,auxiliary,107;5;9;2;4;15,3754,3756
10453,1,SGCVTF0131101,inverter,20;4;2;17;30;10;100;150;700;13;18;8;5;98;9,3758,3769
10453,1,SIAUX1,auxiliary,107;5;9;2;4;15,3770,3772
10454,1,SGCVTF0131101,inverter,20;4;2;17;30;10;100;150;700;13;18;8;5;98;9,3774,3785
10454,1,SIAUX1,auxiliary,107;5;9;2;4;15,3786,3788
10455,1,SGCVTF0131101,inverter,20;4;2;17;30;10;100;150;700;13;18;8;5;98;9,3790,3801
10455,1,SIAUX1,auxiliary,107;5;9;2;4;15,3802,3804
10456,1,SGCVTF0131101,inverter,20;4;2;17;30;10;100;150;700;13;18;8;5;98;9,3806,3817
10456,1,SIAUX1,auxiliary,107;5;9;2;4;15,3818,3820
10457,1,SGCVTF0131101,inverter,20;4;2;17;30;10;100;150;700;13;18;8;5;98;9,3822,3833
10457,1,SIAUX1,auxiliary,107;5;9;2;4;15,3834,3836
10458,1,SGCVTF0131101,inverter,20;4;2;17;30;10;100;150;700;13;18;8;5;98;9,3838,3849
10458,1,SIAUX1,auxiliary,107;5;9;2;4;15,3850,3852
10459,1,SGCVTF0131101,inverter,20;4;2;17;30;10;100;150;700;13;18;8;5;98;9,3854,3865
10459,1,SIAUX1,auxiliary,107;5;9;2;4;15,3866,3868
10460,1,SGCVTF0131101,inverter,20;4;2;17;30;10;100;150;700;13;18;8;5;98;9,3870,3881
10460,1,SIAUX1,auxiliary,107;5;9;2;4;15,3882,3884
10462,1,SGCVTF0131101,inverter,20;4;2;17;30;10;100;150;700;13;18;8;5;98;9,3886,3897
10462,1,SIAUX1,auxiliary,107;5;9;2;4;15,3898,3900
800,1,NWSTAT01,STATCOM,15;100;20;613;10;2;5;2000,3902,3914
800,1,SIAUX1,auxiliary,107;5;9;2;4;95;19,3915,3917
801,1,NWSTAT01,STATCOM,15;100;20;626;10;2;5;2000,3919,3931
801,1,SIAUX1,auxiliary,107;5;9;2;4;95;19,3932,3934
802,1,NWSTAT01,STATCOM,15;100;20;639;10;2;5;2000,3936,3948
802,1,SIAUX1,auxiliary,107;5;9;2;4;96;19,3949,3951
803,1,NWSTAT01,STATCOM,15;100;20;652;10;2;5;2000,3953,3965
803,1,SIAUX1,auxiliary,107;5;9;2;4;96;19,3966,3968
804,1,NWSTAT01,STATCOM,15;100;20;665;10;2;5;2000,3970,3982
804,1,SIAUX1,auxiliary,107;5;9;2;4;97;19,3983,3985
805,1,NWSTAT01,STATCOM,15;100;20;678;10;2;5;2000,3987,3999
805,1,SIAUX1,auxiliary,107;5;9;2;4;97;19,4000,4002
806,1,NWSTAT01,STATCOM,15;100;20;691;10;2;5;2000,4004,4016
806,1,SIAUX1,auxiliary,107;5;9;2;4;98;19,4017,4019
807,1,NWSTAT01,STATCOM,15;100;20;704;10;2;5;2000,4021,4033
807,1,SIAUX1,auxiliary,107;5;9;2;4;98;19,4034,4036
808,1,NWSTAT01,STATCOM,15;100;20;717;10;2;5;2000,4038,4050
808,1,SIAUX1,auxiliary,107;5;9;2;4;99;19,4051,4053
809,1,NWSTAT01,STATCOM,15;100;20;730;10;2;5;2000,4055,4067
809,1,SIAUX1,auxiliary,107;5;9;2;4;99;19,4068,4070
